Percentages,TrueF1,ScrambledF1
0.0,0.9842084356007063,0.9842084356007063
0.1,0.9878080705758701,0.8899961923080771
0.2,0.9873966910589619,0.7838119580182178
0.3,0.9842088705893559,0.6944064245251061
0.4,0.9815083805376289,0.5912057579500776
0.5,0.9756793326752234,0.4853933086471261
0.6,0.9643329120892422,0.39109419654942396
0.7,0.9575900290068217,0.2956059279433955
0.8,0.8941231789279196,0.1892236869004521
0.9,0.12847561126655765,0.0853195524333363
1.0,0.002685529574801186,0.10851139300481616
